<!DOCTYPE html><html lang="en"><head><title>Baltimore City FY2022 Budget Data</title><meta name="twitter:title" content="Baltimore City FY2022 Budget Data"><meta property="og:title" content="Baltimore City FY2022 Budget Data"><meta name="description" content="The City&apos;s FY2022 budget data. "><meta name="twitter:description" content="The City&apos;s FY2022 budget data. "><meta property="og:description" content="The City&apos;s FY2022 budget data. "><meta name="twitter:image" content="https://www.arcgis.com/sharing/rest/content/items/c4d17e5616b1430788806bb68763e567_0/info/thumbnail/thumbnail1625854435577.png?w=500"><meta property="og:image" content="https://www.arcgis.com/sharing/rest/content/items/c4d17e5616b1430788806bb68763e567_0/info/thumbnail/thumbnail1625854435577.png?w=500"><meta name="twitter:card" content="summary"><meta property="og:url" content="https://data.baltimorecity.gov/datasets/baltimore::baltimore-city-fy2022-budget-data/about"><meta property="og:type" content="website">
    <meta charset="utf-8">
    <meta name="google-site-verification" content="V9SzvB895BKr2ff7JVvaJQM1CIgPqOL5FPooX1aqENo">
    <meta name="msvalidate.01" content="217F0EED65C5B131219477CE2CEAAF8E">
    <meta name="viewport" content="width=device-width, initial-scale=1">
    <script>
      (function () {
        // check for unsupported browsers
        function isIE () {
          return (
            (navigator.appName === 'Microsoft Internet Explorer') ||
            ((navigator.appName === 'Netscape') && (new RegExp('Trident/.*rv:([0-9]{1,}[.0-9]{0,})').exec(navigator.userAgent) != null))
          );
        }
        function isEdge () {
          return navigator.userAgent.toLowerCase().includes('edge');
        }
        if (isIE() || isEdge()) {
          window.location.replace('./unsupported.html');
        }
      })();
    </script>
    
<meta name="activation-engine/config/environment" content="%7B%22modulePrefix%22%3A%22activation-engine%22%2C%22environment%22%3A%22production%22%2C%22ember-do-forms%22%3A%7B%22defaultClasses%22%3A%7B%22field%22%3A%5B%22field%22%5D%2C%22label%22%3A%5B%22label%22%5D%2C%22control%22%3A%5B%22control%22%5D%2C%22feedback%22%3A%5B%22feedback%22%5D%2C%22hint%22%3A%5B%22hint%22%5D%7D%2C%22validationClasses%22%3A%7B%22fieldSuccess%22%3A%5B%22field-success%22%5D%2C%22fieldError%22%3A%5B%22field-error%22%5D%2C%22controlSuccess%22%3A%5B%22control-success%22%5D%2C%22controlError%22%3A%5B%22control-error%22%5D%7D%7D%7D">
<meta name="community-engine/config/environment" content="%7B%22modulePrefix%22%3A%22community-engine%22%2C%22environment%22%3A%22production%22%7D">
<meta name="content-library-engine/config/environment" content="%7B%22modulePrefix%22%3A%22content-library-engine%22%2C%22environment%22%3A%22production%22%2C%22ember-do-forms%22%3A%7B%22defaultClasses%22%3A%7B%22field%22%3A%5B%22field%22%5D%2C%22label%22%3A%5B%22label%22%5D%2C%22control%22%3A%5B%22control%22%5D%2C%22feedback%22%3A%5B%22feedback%22%5D%2C%22hint%22%3A%5B%22hint%22%5D%7D%2C%22validationClasses%22%3A%7B%22fieldSuccess%22%3A%5B%22field-success%22%5D%2C%22fieldError%22%3A%5B%22field-error%22%5D%2C%22controlSuccess%22%3A%5B%22control-success%22%5D%2C%22controlError%22%3A%5B%22control-error%22%5D%7D%7D%7D">
<meta name="events-engine/config/environment" content="%7B%22modulePrefix%22%3A%22events-engine%22%2C%22environment%22%3A%22production%22%2C%22ember-do-forms%22%3A%7B%22defaultClasses%22%3A%7B%22field%22%3A%5B%22field%22%5D%2C%22label%22%3A%5B%22label%22%5D%2C%22control%22%3A%5B%22control%22%5D%2C%22feedback%22%3A%5B%22feedback%22%5D%2C%22hint%22%3A%5B%22hint%22%5D%7D%2C%22validationClasses%22%3A%7B%22fieldSuccess%22%3A%5B%22field-success%22%5D%2C%22fieldError%22%3A%5B%22field-error%22%5D%2C%22controlSuccess%22%3A%5B%22control-success%22%5D%2C%22controlError%22%3A%5B%22control-error%22%5D%7D%7D%7D">
<meta name="feedback-engine/config/environment" content="%7B%22modulePrefix%22%3A%22feedback-engine%22%2C%22environment%22%3A%22production%22%7D">
<meta name="initiative-editor-engine/config/environment" content="%7B%22modulePrefix%22%3A%22initiative-editor-engine%22%2C%22environment%22%3A%22production%22%7D">
<meta name="layout-editor-engine/config/environment" content="%7B%22modulePrefix%22%3A%22layout-editor-engine%22%2C%22environment%22%3A%22production%22%2C%22cedar%22%3A%7B%22amCharts%22%3A%7B%22dependencies%22%3A%5B%22amcharts.js%22%2C%22serial.js%22%2C%22xy.js%22%2C%22pie.js%22%2C%22radar.js%22%2C%22https%3A//unpkg.com/@esri/cedar@1.0.0-beta.9/dist/umd/themes/amCharts/calcite.js%22%5D%2C%22baseUrl%22%3A%22https%3A//www.amcharts.com/lib/3%22%7D%7D%2C%22ember-do-forms%22%3A%7B%22defaultClasses%22%3A%7B%22field%22%3A%5B%22field%22%5D%2C%22label%22%3A%5B%22label%22%5D%2C%22control%22%3A%5B%22control%22%5D%2C%22feedback%22%3A%5B%22feedback%22%5D%2C%22hint%22%3A%5B%22hint%22%5D%7D%2C%22validationClasses%22%3A%7B%22fieldSuccess%22%3A%5B%22field-success%22%5D%2C%22fieldError%22%3A%5B%22field-error%22%5D%2C%22controlSuccess%22%3A%5B%22control-success%22%5D%2C%22controlError%22%3A%5B%22control-error%22%5D%7D%7D%7D">
<meta name="overview-engine/config/environment" content="%7B%22modulePrefix%22%3A%22overview-engine%22%2C%22environment%22%3A%22production%22%7D">
<meta name="solutions-engine/config/environment" content="%7B%22modulePrefix%22%3A%22solutions-engine%22%2C%22environment%22%3A%22production%22%2C%22ember-do-forms%22%3A%7B%22defaultClasses%22%3A%7B%22field%22%3A%5B%22field%22%5D%2C%22label%22%3A%5B%22label%22%5D%2C%22control%22%3A%5B%22control%22%5D%2C%22feedback%22%3A%5B%22feedback%22%5D%2C%22hint%22%3A%5B%22hint%22%5D%7D%2C%22validationClasses%22%3A%7B%22fieldSuccess%22%3A%5B%22field-success%22%5D%2C%22fieldError%22%3A%5B%22field-error%22%5D%2C%22controlSuccess%22%3A%5B%22control-success%22%5D%2C%22controlError%22%3A%5B%22control-error%22%5D%7D%7D%7D">
<meta name="teams-engine/config/environment" content="%7B%22modulePrefix%22%3A%22teams-engine%22%2C%22environment%22%3A%22production%22%2C%22ember-do-forms%22%3A%7B%22defaultClasses%22%3A%7B%22field%22%3A%5B%22field%22%5D%2C%22label%22%3A%5B%22label%22%5D%2C%22control%22%3A%5B%22control%22%5D%2C%22feedback%22%3A%5B%22feedback%22%5D%2C%22hint%22%3A%5B%22hint%22%5D%7D%2C%22validationClasses%22%3A%7B%22fieldSuccess%22%3A%5B%22field-success%22%5D%2C%22fieldError%22%3A%5B%22field-error%22%5D%2C%22controlSuccess%22%3A%5B%22control-success%22%5D%2C%22controlError%22%3A%5B%22control-error%22%5D%7D%7D%7D">
    <link rel="stylesheet" href="https://hubcdn.arcgis.com/opendata-ui/assets/assets/vendor-5b5693a081bb2498682f66c2e6954359.css">
    <!-- [begin custom site css injection point] - please do not remove this -->

    <!-- FOR LTR DEVELOPMENT/TESTING: Un-Comment the next section -->
    <!-- <link rel="stylesheet" href="/assets/opendata-base.css"> -->
    <!-- FOR RTL TESTING: Un-Comment the next section -->
    <!-- <link rel="stylesheet" href="https://hubcdn.arcgis.com/opendata-ui/assets/assets/opendata-rtl-c2c507dcdebb290e43fdad7692e5f39b.css">
    <link rel="stylesheet" href="//cdn.rawgit.com/morteza/bootstrap-rtl/v3.3.4/dist/css/bootstrap-rtl.min.css"> -->

    <!-- [end custom site css injection point] - please do not remove this -->

    <script src="https://hubcdn.arcgis.com/opendata-ui/assets/assets/esri-loader.min-7a8eb04befd2390652828e3e5e8154c2.js"></script>
<meta name="opendata-ui/config/asset-manifest" content="%7B%22bundles%22%3A%7B%22activation-engine%22%3A%7B%22assets%22%3A%5B%7B%22uri%22%3A%22https%3A//hubcdn.arcgis.com/opendata-ui/assets/engines-dist/activation-engine/assets/engine-aad0dcb898f584668719a91c92b8e6ec.js%22%2C%22type%22%3A%22js%22%7D%2C%7B%22uri%22%3A%22https%3A//hubcdn.arcgis.com/opendata-ui/assets/engines-dist/activation-engine/config/environment-d06aa04d2f36ff47a188be6bd303a346.js%22%2C%22type%22%3A%22js%22%7D%5D%7D%2C%22community-engine%22%3A%7B%22assets%22%3A%5B%7B%22uri%22%3A%22https%3A//hubcdn.arcgis.com/opendata-ui/assets/engines-dist/community-engine/assets/engine-287e275227df2526c0802edaf99a77b9.js%22%2C%22type%22%3A%22js%22%7D%2C%7B%22uri%22%3A%22https%3A//hubcdn.arcgis.com/opendata-ui/assets/engines-dist/community-engine/assets/engine-vendor-c1387b487912896a47ed725a8e4e02c5.js%22%2C%22type%22%3A%22js%22%7D%2C%7B%22uri%22%3A%22https%3A//hubcdn.arcgis.com/opendata-ui/assets/engines-dist/community-engine/config/environment-cee635c8d4963be55eba4dc314f4a3f6.js%22%2C%22type%22%3A%22js%22%7D%5D%7D%2C%22content-library-engine%22%3A%7B%22assets%22%3A%5B%7B%22uri%22%3A%22https%3A//hubcdn.arcgis.com/opendata-ui/assets/engines-dist/content-library-engine/assets/engine-83775a36c8b0541410c560b05fc32fde.js%22%2C%22type%22%3A%22js%22%7D%2C%7B%22uri%22%3A%22https%3A//hubcdn.arcgis.com/opendata-ui/assets/engines-dist/content-library-engine/assets/engine-vendor-3bd825c2dcf373d8e4266c35441299c4.js%22%2C%22type%22%3A%22js%22%7D%2C%7B%22uri%22%3A%22https%3A//hubcdn.arcgis.com/opendata-ui/assets/engines-dist/content-library-engine/config/environment-bc42c7494bbb84b2f488c47f3b5599d1.js%22%2C%22type%22%3A%22js%22%7D%5D%7D%2C%22events-engine%22%3A%7B%22assets%22%3A%5B%7B%22uri%22%3A%22https%3A//hubcdn.arcgis.com/opendata-ui/assets/engines-dist/events-engine/assets/engine-a7a1ea065dd3f5027338d5d9272d68cf.js%22%2C%22type%22%3A%22js%22%7D%2C%7B%22uri%22%3A%22https%3A//hubcdn.arcgis.com/opendata-ui/assets/engines-dist/events-engine/assets/engine-vendor-7197c0ddab24773c8da47c13a5fffe45.js%22%2C%22type%22%3A%22js%22%7D%2C%7B%22uri%22%3A%22https%3A//hubcdn.arcgis.com/opendata-ui/assets/engines-dist/events-engine/config/environment-adb3009a3a9f7bd51fb74c8edbd02f76.js%22%2C%22type%22%3A%22js%22%7D%5D%7D%2C%22feedback-engine%22%3A%7B%22assets%22%3A%5B%7B%22uri%22%3A%22https%3A//hubcdn.arcgis.com/opendata-ui/assets/engines-dist/feedback-engine/assets/engine-22e94c7cba0a2effa42113451777bd61.js%22%2C%22type%22%3A%22js%22%7D%2C%7B%22uri%22%3A%22https%3A//hubcdn.arcgis.com/opendata-ui/assets/engines-dist/feedback-engine/assets/engine-vendor-a1e895b0e38d8a898eb520d08cedd775.js%22%2C%22type%22%3A%22js%22%7D%2C%7B%22uri%22%3A%22https%3A//hubcdn.arcgis.com/opendata-ui/assets/engines-dist/feedback-engine/config/environment-3e4e0d4892548d2df52b217db4028ece.js%22%2C%22type%22%3A%22js%22%7D%5D%7D%2C%22initiative-editor-engine%22%3A%7B%22assets%22%3A%5B%7B%22uri%22%3A%22https%3A//hubcdn.arcgis.com/opendata-ui/assets/engines-dist/initiative-editor-engine/assets/engine-390296220007ec5205a7835131410855.js%22%2C%22type%22%3A%22js%22%7D%2C%7B%22uri%22%3A%22https%3A//hubcdn.arcgis.com/opendata-ui/assets/engines-dist/initiative-editor-engine/assets/engine-vendor-c1387b487912896a47ed725a8e4e02c5.js%22%2C%22type%22%3A%22js%22%7D%2C%7B%22uri%22%3A%22https%3A//hubcdn.arcgis.com/opendata-ui/assets/engines-dist/initiative-editor-engine/config/environment-fe39675255839d5c76c2e992853c1496.js%22%2C%22type%22%3A%22js%22%7D%5D%7D%2C%22layout-editor-engine%22%3A%7B%22assets%22%3A%5B%7B%22uri%22%3A%22https%3A//hubcdn.arcgis.com/opendata-ui/assets/engines-dist/layout-editor-engine/assets/engine-5366799fa5d83839d86e2b820eb344c9.js%22%2C%22type%22%3A%22js%22%7D%2C%7B%22uri%22%3A%22https%3A//hubcdn.arcgis.com/opendata-ui/assets/engines-dist/layout-editor-engine/assets/engine-vendor-188819a7da922d27c286dd640266d1a3.css%22%2C%22type%22%3A%22css%22%7D%2C%7B%22uri%22%3A%22https%3A//hubcdn.arcgis.com/opendata-ui/assets/engines-dist/layout-editor-engine/assets/engine-vendor-cd30719d6f5f2a853b9953e6dc8be189.js%22%2C%22type%22%3A%22js%22%7D%2C%7B%22uri%22%3A%22https%3A//hubcdn.arcgis.com/opendata-ui/assets/engines-dist/layout-editor-engine/config/environment-2ba46f39a787c56e96da0c9527e9768c.js%22%2C%22type%22%3A%22js%22%7D%5D%7D%2C%22overview-engine%22%3A%7B%22assets%22%3A%5B%7B%22uri%22%3A%22https%3A//hubcdn.arcgis.com/opendata-ui/assets/engines-dist/overview-engine/assets/engine-6aae435739c2ba5f28ef43b0896b708d.js%22%2C%22type%22%3A%22js%22%7D%2C%7B%22uri%22%3A%22https%3A//hubcdn.arcgis.com/opendata-ui/assets/engines-dist/overview-engine/assets/engine-vendor-7197c0ddab24773c8da47c13a5fffe45.js%22%2C%22type%22%3A%22js%22%7D%2C%7B%22uri%22%3A%22https%3A//hubcdn.arcgis.com/opendata-ui/assets/engines-dist/overview-engine/config/environment-68c3737629ab0c2de3e31f06d9059e0a.js%22%2C%22type%22%3A%22js%22%7D%5D%7D%2C%22solutions-engine%22%3A%7B%22assets%22%3A%5B%7B%22uri%22%3A%22https%3A//hubcdn.arcgis.com/opendata-ui/assets/engines-dist/solutions-engine/assets/engine-5f384cc6b7cf83c089db6ed6cde68b02.js%22%2C%22type%22%3A%22js%22%7D%2C%7B%22uri%22%3A%22https%3A//hubcdn.arcgis.com/opendata-ui/assets/engines-dist/solutions-engine/assets/engine-vendor-bcdcd0627bf8634581b8ee0452748af4.js%22%2C%22type%22%3A%22js%22%7D%2C%7B%22uri%22%3A%22https%3A//hubcdn.arcgis.com/opendata-ui/assets/engines-dist/solutions-engine/config/environment-aabab9b2b5bf2f68596bef4770e6b35b.js%22%2C%22type%22%3A%22js%22%7D%5D%7D%2C%22teams-engine%22%3A%7B%22assets%22%3A%5B%7B%22uri%22%3A%22https%3A//hubcdn.arcgis.com/opendata-ui/assets/engines-dist/teams-engine/assets/engine-4adf20c427e87b2be0eddd270fbe0478.js%22%2C%22type%22%3A%22js%22%7D%2C%7B%22uri%22%3A%22https%3A//hubcdn.arcgis.com/opendata-ui/assets/engines-dist/teams-engine/assets/engine-vendor-c1387b487912896a47ed725a8e4e02c5.js%22%2C%22type%22%3A%22js%22%7D%2C%7B%22uri%22%3A%22https%3A//hubcdn.arcgis.com/opendata-ui/assets/engines-dist/teams-engine/config/environment-a94411b37004a24ce3971c31ef6db8d1.js%22%2C%22type%22%3A%22js%22%7D%5D%7D%7D%7D">

    <script id="site-injection">
      window.__SITE="%7B%22site%22%3A%7B%22item%22%3A%7B%22id%22%3A%22bb5a4d421ed64feeb4c3c879dede44f2%22%2C%22owner%22%3A%22baltimore_city%22%2C%22orgId%22%3A%22UWYHeuuJISiGmgXx%22%2C%22created%22%3A1595946159000%2C%22modified%22%3A1647971094000%2C%22guid%22%3Anull%2C%22name%22%3Anull%2C%22title%22%3A%22Open%20Baltimore%22%2C%22type%22%3A%22Hub%20Site%20Application%22%2C%22typeKeywords%22%3A%5B%22Hub%22%2C%22hubSite%22%2C%22hubSolution%22%2C%22JavaScript%22%2C%22Map%22%2C%22Mapping%20Site%22%2C%22Online%20Map%22%2C%22OpenData%22%2C%22Ready%20To%20Use%22%2C%22selfConfigured%22%2C%22Web%20Map%22%2C%22Registered%20App%22%5D%2C%22description%22%3A%22Open%20data%20is%20the%20first%20step%20to%20an%20informed%2C%20transparent%2C%20and%20engaged%20community.%20Explore%20our%20data%20and%20tools%2C%20provide%20feedback%20on%20what%20you%20would%20like%20to%20see%20next%2C%20and%20find%20out%20about%20opportunities%20to%20get%20involved.%20%22%2C%22tags%22%3A%5B%22Hub%20Site%22%5D%2C%22snippet%22%3A%22Baltimore%20City's%20Open%20Data%20Hub%22%2C%22thumbnail%22%3A%22thumbnail%2Fthumbnail1626302509124.png%22%2C%22documentation%22%3Anull%2C%22extent%22%3A%5B%5B-76.7147999999715%2C39.25959999998531%5D%2C%5B-76.52249999997153%2C39.340999999985314%5D%5D%2C%22categories%22%3A%5B%5D%2C%22spatialReference%22%3Anull%2C%22accessInformation%22%3Anull%2C%22licenseInfo%22%3A%22null%22%2C%22culture%22%3A%22en-us%22%2C%22properties%22%3A%7B%22collaborationGroupId%22%3A%22d72955890848493394bd3979403eae9c%22%2C%22schemaVersion%22%3A1.5%2C%22children%22%3A%5B%5D%2C%22contentGroupId%22%3A%224f6f8c34862949c58b8b6f7d25de7ad8%22%2C%22parentId%22%3A%22a9920828b2d3419584f65bbdb5278105%22%2C%22source%22%3A%22a9920828b2d3419584f65bbdb5278105%22%2C%22globalNavViewCount%22%3A20%7D%2C%22advancedSettings%22%3Anull%2C%22url%22%3A%22https%3A%2F%2Fbmore-open-data-baltimore.hub.arcgis.com%22%2C%22proxyFilter%22%3Anull%2C%22access%22%3A%22public%22%2C%22size%22%3A4818598%2C%22subInfo%22%3A0%2C%22appCategories%22%3A%5B%5D%2C%22industries%22%3A%5B%5D%2C%22languages%22%3A%5B%5D%2C%22largeThumbnail%22%3Anull%2C%22banner%22%3Anull%2C%22screenshots%22%3A%5B%5D%2C%22listed%22%3Afalse%2C%22commentsEnabled%22%3Atrue%2C%22numComments%22%3A0%2C%22numRatings%22%3A0%2C%22avgRating%22%3A0%2C%22numViews%22%3A2090464%2C%22scoreCompleteness%22%3A70%2C%22groupDesignations%22%3Anull%7D%2C%22data%22%3A%7B%22catalog%22%3A%7B%22groups%22%3A%5B%224f6f8c34862949c58b8b6f7d25de7ad8%22%2C%221edecad1e9cd475fa7816dcd3cd64f98%22%5D%7D%2C%22values%22%3A%7B%22title%22%3A%22Bmore%20Open%20Data%22%2C%22public%22%3Afalse%2C%22faviconUrl%22%3A%22https%3A%2F%2Fhubcdn.arcgis.com%2Fopendata-ui%2Fassets%2Fassets%2Fimages%2Ffavicon-45a5f6cdc7f23c52b20204d54a7d9ca2.ico%22%2C%22uiVersion%22%3A%222.4%22%2C%22map%22%3A%7B%22basemaps%22%3A%7B%22type%22%3A%22default%22%2C%22primary%22%3A%7B%22extent%22%3A%7B%22xmin%22%3A-8539852.472304652%2C%22ymin%22%3A4758925.557563297%2C%22xmax%22%3A-8518445.734225107%2C%22ymax%22%3A4770635.271085186%2C%22spatialReference%22%3A%7B%22wkid%22%3A102100%7D%7D%2C%22isWebMercator%22%3Atrue%2C%22title%22%3A%22Light%20Gray%20Canvas%22%2C%22baseMapLayers%22%3A%5B%7B%22type%22%3A%22ArcGISTiledMapServiceLayer%22%2C%22url%22%3A%22https%3A%2F%2Fservices.arcgisonline.com%2FArcGIS%2Frest%2Fservices%2FCanvas%2FWorld_Light_Gray_Base%2FMapServer%22%7D%2C%7B%22type%22%3A%22ArcGISTiledMapServiceLayer%22%2C%22url%22%3A%22https%3A%2F%2Fservices.arcgisonline.com%2FArcGIS%2Frest%2Fservices%2FCanvas%2FWorld_Light_Gray_Reference%2FMapServer%22%2C%22isReference%22%3Atrue%7D%5D%7D%7D%7D%2C%22defaultExtent%22%3A%7B%22xmin%22%3A-8539852.472304652%2C%22ymin%22%3A4758925.557563297%2C%22xmax%22%3A-8518445.734225107%2C%22ymax%22%3A4770635.271085186%2C%22spatialReference%22%3A%7B%22wkid%22%3A102100%7D%7D%2C%22pages%22%3A%5B%7B%22id%22%3A%229b3d667cc94b455ab2f23858f0f895bb%22%2C%22title%22%3A%22Data%20Governance%22%2C%22slug%22%3A%22data-governance%22%7D%2C%7B%22id%22%3A%225be3a1943416410f87ed7e64414c023c%22%2C%22title%22%3A%22Training%20%26%20Resources%22%2C%22slug%22%3A%22training%22%7D%2C%7B%22id%22%3A%22324e84a674484ce3bad8962fca7cd302%22%2C%22title%22%3A%22Insights%22%2C%22slug%22%3A%22insights%22%7D%2C%7B%22id%22%3A%22074151293db047e9ad076363c85d628b%22%2C%22title%22%3A%22Blog%22%2C%22slug%22%3A%22blog%22%7D%5D%2C%22layout%22%3A%7B%22sections%22%3A%5B%7B%22containment%22%3A%22fixed%22%2C%22isFooter%22%3Afalse%2C%22style%22%3A%7B%22background%22%3A%7B%22isFile%22%3Afalse%2C%22isUrl%22%3Atrue%2C%22state%22%3A%22%22%2C%22display%22%3A%7B%7D%2C%22transparency%22%3A0%2C%22position%22%3A%7B%22x%22%3A%22center%22%2C%22y%22%3A%22center%22%7D%2C%22color%22%3A%22%2331363c%22%7D%2C%22rowLayout%22%3A%22box%22%2C%22color%22%3A%22%23ffffff%22%7D%2C%22rows%22%3A%5B%7B%22cards%22%3A%5B%7B%22component%22%3A%7B%22name%22%3A%22markdown-card%22%2C%22settings%22%3A%7B%22markdown%22%3A%22%3Cdiv%20class%3D%5C%22banner-heading%5C%22%20align%3D%5C%22center%5C%22%3EOpen%20Baltimore%3Cbr%3E%3C%2Fdiv%3E%3Ch5%20style%3D%5C%22text-align%3A%20justify%3B%5C%22%3EWelcome%20to%20Open%20Baltimore.%20On%20this%20site%20you%20will%20find%20hundreds%20of%20datasets%20published%20by%20the%20city%20and%20our%20partners%20for%20greater%20transparency%2C%20accountability%20and%20access.%20The%20City%20of%20Baltimore%20invites%20you%20to%20interact%20with%20the%20data%20by%20using%20our%20dashboards%2C%20download%20content%2C%20analyze%20data%2C%20or%20build%20apps%20using%20our%20APIs.%20Check%20back%20frequently%20as%20new%20content%2C%20dashboards%2C%20and%20data%20governance%20information%20will%20be%20added%20as%20we%20work%20together%20to%20build%20a%20more%20open%20and%20accountable%20city.%3C%2Fh5%3E%22%2C%22schemaVersion%22%3A2.1%7D%7D%2C%22width%22%3A12%7D%5D%7D%2C%7B%22cards%22%3A%5B%7B%22component%22%3A%7B%22name%22%3A%22search-card%22%2C%22settings%22%3A%7B%22showLocation%22%3Afalse%2C%22size%22%3A%22medium%22%2C%22searchPlaceholder%22%3A%22Search%20for%20a%20dataset%20or%20dashboard%22%7D%7D%2C%22width%22%3A12%7D%5D%7D%5D%2C%22visibility%22%3A%7B%22access%22%3A%22default%22%2C%22groups%22%3A%5B%5D%7D%2C%22classNames%22%3A%5B%5D%7D%2C%7B%22containment%22%3A%22fixed%22%2C%22isFooter%22%3Afalse%2C%22style%22%3A%7B%22background%22%3A%7B%22isFile%22%3Afalse%2C%22isUrl%22%3Atrue%2C%22state%22%3A%22valid%22%2C%22display%22%3A%7B%7D%2C%22transparency%22%3A0%2C%22position%22%3A%7B%22x%22%3A%22center%22%2C%22y%22%3A%22center%22%7D%2C%22color%22%3A%22%2331363c%22%2C%22image%22%3A%22https%3A%2F%2Fbaltimore.maps.arcgis.com%2Fsharing%2Frest%2Fcontent%2Fitems%2F44330c43feae4147bec58ab46caecfd9%2Fdata%22%2C%22parallax%22%3Afalse%7D%2C%22rowLayout%22%3A%22box%22%2C%22color%22%3A%22%23ffffff%22%7D%2C%22rows%22%3A%5B%7B%22cards%22%3A%5B%7B%22component%22%3A%7B%22name%22%3A%22markdown-card%22%2C%22settings%22%3A%7B%22schemaVersion%22%3A2.1%2C%22markdown%22%3A%22%3Ch1%20style%3D%5C%22text-align%3A%20center%3B%20font-size%3A%2048px%3B%5C%22%3E%3Cspan%20style%3D%5C%22color%3A%20inherit%3B%20background-color%3A%20initial%3B%5C%22%3EFeatured%20Content%3C%2Fspan%3E%3C%2Fh1%3E%22%7D%7D%2C%22width%22%3A12%7D%5D%7D%2C%7B%22cards%22%3A%5B%7B%22component%22%3A%7B%22name%22%3A%22items%2Fgallery-card%22%2C%22settings%22%3A%7B%22query%22%3A%7B%22mode%22%3A%22manual%22%2C%22num%22%3A4%2C%22types%22%3A%5B%22application%22%5D%2C%22tags%22%3A%5B%5D%2C%22categories%22%3A%5B%5D%2C%22groups%22%3A%5B%5D%2C%22catalogs%22%3A%5B%22bb5a4d421ed64feeb4c3c879dede44f2%22%5D%2C%22ids%22%3A%5B%224b64b6e8c0014b6998d767fcf077bfaf%22%2C%22fe5c65a716cd497fa3880b6e6b36c99a%22%2C%226b465f9d76554be49962f6e7b2e0573d%22%2C%2228d7ab4654674af7bb082a22631c04d6%22%2C%226525e60e566f419497fbaff0aa986833%22%2C%22a22206fd6a2f46628bcfa0eccffb3246%22%2C%22c4d17e5616b1430788806bb68763e567%22%2C%223e7833659bf24ff0b3719dcbcced59e8%22%5D%2C%22sort%22%3A%22numviews%22%2C%22access%22%3A%5B%5D%2C%22orgId%22%3A%22UWYHeuuJISiGmgXx%22%7D%2C%22display%22%3A%7B%22imageType%22%3A%22Thumbnails%22%2C%22viewText%22%3A%22Explore%22%2C%22dropShadow%22%3A%22none%22%2C%22cornerStyle%22%3A%22square%22%2C%22buttonType%22%3A%22primary%22%2C%22newTab%22%3Atrue%2C%22includeButtons%22%3Afalse%7D%2C%22version%22%3A7%7D%7D%2C%22width%22%3A12%7D%5D%7D%5D%2C%22visibility%22%3A%7B%22access%22%3A%22default%22%2C%22groups%22%3A%5B%5D%7D%7D%2C%7B%22containment%22%3A%22fixed%22%2C%22isFooter%22%3Afalse%2C%22style%22%3A%7B%22background%22%3A%7B%22isFile%22%3Afalse%2C%22isUrl%22%3Atrue%2C%22state%22%3A%22%22%2C%22display%22%3A%7B%7D%2C%22transparency%22%3A0%2C%22position%22%3A%7B%22x%22%3A%22center%22%2C%22y%22%3A%22center%22%7D%2C%22color%22%3A%22%23f2fcfc%22%2C%22image%22%3A%22%22%7D%2C%22color%22%3A%22%23026873%22%2C%22rowLayout%22%3A%22box%22%7D%2C%22rows%22%3A%5B%7B%22cards%22%3A%5B%7B%22component%22%3A%7B%22name%22%3A%22markdown-card%22%2C%22settings%22%3A%7B%22schemaVersion%22%3A2.1%2C%22markdown%22%3A%22%3Ch1%20align%3D%5C%22center%5C%22%3EMore%20Insights%3C%2Fh1%3E%3Ch3%20style%3D%5C%22text-align%3A%20center%3B%5C%22%3EDiscover%20key%20insights%20about%20our%20city%20and%20how%20government%20works.%20%3C%2Fh3%3E%22%7D%7D%2C%22width%22%3A12%7D%5D%7D%2C%7B%22cards%22%3A%5B%7B%22component%22%3A%7B%22name%22%3A%22items%2Fgallery-card%22%2C%22settings%22%3A%7B%22query%22%3A%7B%22mode%22%3A%22manual%22%2C%22num%22%3A4%2C%22types%22%3A%5B%22application%22%5D%2C%22tags%22%3A%5B%5D%2C%22categories%22%3A%5B%5D%2C%22groups%22%3A%5B%5D%2C%22catalogs%22%3A%5B%22bb5a4d421ed64feeb4c3c879dede44f2%22%5D%2C%22ids%22%3A%5B%22089deac72a544d8ab45885e477645fc5%22%2C%22ba126aab0edf4efcb01bfd8124647487%22%2C%22a2a6758619b34b6cad8232cc2f286d86%22%2C%222f33541aed654699a30e405ec53d5d30%22%2C%2240e98fa367c44bef990a16e830c4da13%22%2C%2299b7455b67f143d2b1ef4b14e01630fd%22%5D%2C%22sort%22%3A%22numviews%22%2C%22access%22%3A%5B%5D%2C%22orgId%22%3A%22UWYHeuuJISiGmgXx%22%7D%2C%22display%22%3A%7B%22imageType%22%3A%22Thumbnails%22%2C%22viewText%22%3A%22Explore%22%2C%22dropShadow%22%3A%22none%22%2C%22cornerStyle%22%3A%22square%22%2C%22buttonType%22%3A%22primary%22%2C%22newTab%22%3Atrue%2C%22includeButtons%22%3Atrue%7D%2C%22version%22%3A7%7D%7D%2C%22width%22%3A12%7D%5D%7D%5D%2C%22visibility%22%3A%7B%22access%22%3A%22default%22%2C%22groups%22%3A%5B%5D%7D%7D%2C%7B%22containment%22%3A%22fixed%22%2C%22isFooter%22%3Afalse%2C%22style%22%3A%7B%22background%22%3A%7B%22isFile%22%3Afalse%2C%22isUrl%22%3Atrue%2C%22state%22%3A%22%22%2C%22display%22%3A%7B%7D%2C%22transparency%22%3A0%2C%22position%22%3A%7B%22x%22%3A%22center%22%2C%22y%22%3A%22center%22%7D%2C%22color%22%3A%22%2331363c%22%7D%2C%22color%22%3A%22%23ffa500%22%2C%22rowLayout%22%3A%22box%22%7D%2C%22rows%22%3A%5B%7B%22cards%22%3A%5B%7B%22component%22%3A%7B%22name%22%3A%22markdown-card%22%2C%22settings%22%3A%7B%22markdown%22%3A%22%3Ch1%20style%3D%5C%22text-align%3A%20center%3B%5C%22%3E%3Cspan%20style%3D%5C%22color%3A%20inherit%3B%20background-color%3A%20initial%3B%5C%22%3EBrowse%20by%20Category%3C%2Fspan%3E%3Cbr%3E%3C%2Fh1%3E%3Ch6%20style%3D%5C%22text-align%3A%20center%3B%5C%22%3E%3Cbr%3E%3C%2Fh6%3E%3Ch3%20style%3D%5C%22text-align%3A%20center%3B%5C%22%3EAre%20you%20looking%20for%20specific%20data%20theme%20or%20data%20published%20by%20a%20specific%20agency%3F%20Explore%20our%20content%20by%20category.%3C%2Fh3%3E%22%2C%22schemaVersion%22%3A2.1%7D%7D%2C%22width%22%3A12%7D%5D%7D%5D%2C%22visibility%22%3A%7B%22access%22%3A%22default%22%2C%22groups%22%3A%5B%5D%2C%22catalogs%22%3A%5B%5D%7D%7D%2C%7B%22containment%22%3A%22fixed%22%2C%22isFooter%22%3Afalse%2C%22style%22%3A%7B%22background%22%3A%7B%22isFile%22%3Afalse%2C%22isUrl%22%3Atrue%2C%22state%22%3A%22%22%2C%22display%22%3A%7B%7D%2C%22transparency%22%3A0%2C%22position%22%3A%7B%22x%22%3A%22center%22%2C%22y%22%3A%22center%22%7D%2C%22color%22%3A%22%23f2fcfc%22%7D%2C%22rowLayout%22%3A%22box%22%7D%2C%22rows%22%3A%5B%7B%22cards%22%3A%5B%7B%22component%22%3A%7B%22name%22%3A%22category-card%22%2C%22settings%22%3A%7B%22category%22%3A%22City%20Government%22%2C%22type%22%3A%22keyword%22%2C%22keyword%22%3A%5B%22city%20government%22%5D%2C%22searchCategories%22%3A%5B%5D%2C%22iconName%22%3A%22building%22%2C%22iconType%22%3A%22library%22%2C%22iconColor%22%3A%22%234b0082%22%2C%22customAltText%22%3A%22City%20Government%22%2C%22customUrl%22%3A%22https%3A%2F%2Farcgishub.maps.arcgis.com%2Fsharing%2Frest%2Fcontent%2Fitems%2F5721911cd83e4079b9d80f9fa303a431%2Fdata%22%7D%7D%2C%22width%22%3A3%7D%2C%7B%22component%22%3A%7B%22name%22%3A%22category-card%22%2C%22settings%22%3A%7B%22category%22%3A%22Health%22%2C%22type%22%3A%22keyword%22%2C%22keyword%22%3A%5B%22health%22%5D%2C%22searchCategories%22%3A%5B%5D%2C%22iconName%22%3A%22Health2%22%2C%22iconType%22%3A%22library%22%2C%22iconColor%22%3A%22%234b0082%22%2C%22customAltText%22%3A%22Health%20Data%22%2C%22customUrl%22%3A%22https%3A%2F%2Farcgishub.maps.arcgis.com%2Fsharing%2Frest%2Fcontent%2Fitems%2F61bb522545074f3c854e88dd92bf15e5%2Fdata%22%7D%7D%2C%22width%22%3A3%7D%2C%7B%22component%22%3A%7B%22name%22%3A%22category-card%22%2C%22settings%22%3A%7B%22category%22%3A%22Environment%22%2C%22type%22%3A%22keyword%22%2C%22keyword%22%3A%5B%22environment%22%5D%2C%22searchCategories%22%3A%5B%5D%2C%22iconName%22%3A%22Recreation2%22%2C%22iconType%22%3A%22library%22%2C%22iconColor%22%3A%22%234b0082%22%2C%22customAltText%22%3A%22Environment%20Data%22%2C%22customUrl%22%3A%22https%3A%2F%2Farcgishub.maps.arcgis.com%2Fsharing%2Frest%2Fcontent%2Fitems%2Fbd982a5647d940d88435fa7c0b0a64a3%2Fdata%22%7D%7D%2C%22width%22%3A3%7D%2C%7B%22component%22%3A%7B%22name%22%3A%22category-card%22%2C%22settings%22%3A%7B%22category%22%3A%22Housing%20%26%20Development%20%22%2C%22type%22%3A%22keyword%22%2C%22keyword%22%3A%5B%22housing%20%26%20development%22%5D%2C%22searchCategories%22%3A%5B%5D%2C%22iconName%22%3A%22Generic_City%22%2C%22iconType%22%3A%22library%22%2C%22iconColor%22%3A%22%234b0082%22%2C%22customAltText%22%3A%22Housing%20and%20Real%20Estate%20Data%22%2C%22customUrl%22%3A%22https%3A%2F%2Farcgishub.maps.arcgis.com%2Fsharing%2Frest%2Fcontent%2Fitems%2F4bb33659053c42a7ae8875183e787e48%2Fdata%22%7D%7D%2C%22width%22%3A3%7D%5D%7D%5D%2C%22visibility%22%3A%7B%22access%22%3A%22default%22%2C%22groups%22%3A%5B%5D%2C%22catalogs%22%3A%5B%5D%7D%7D%2C%7B%22containment%22%3A%22fixed%22%2C%22isFooter%22%3Afalse%2C%22style%22%3A%7B%22background%22%3A%7B%22isFile%22%3Afalse%2C%22isUrl%22%3Atrue%2C%22state%22%3A%22%22%2C%22display%22%3A%7B%7D%2C%22transparency%22%3A0%2C%22position%22%3A%7B%22x%22%3A%22center%22%2C%22y%22%3A%22center%22%7D%2C%22color%22%3A%22%23f2fcfc%22%7D%2C%22rowLayout%22%3A%22box%22%7D%2C%22rows%22%3A%5B%7B%22cards%22%3A%5B%7B%22component%22%3A%7B%22name%22%3A%22category-card%22%2C%22settings%22%3A%7B%22category%22%3A%22Transportation%22%2C%22type%22%3A%22keyword%22%2C%22keyword%22%3A%5B%22transportation%22%5D%2C%22searchCategories%22%3A%5B%5D%2C%22iconName%22%3A%22Transportation_Metro%22%2C%22iconType%22%3A%22library%22%2C%22iconColor%22%3A%22%234b0082%22%2C%22customAltText%22%3A%22Transportation%20Data%22%2C%22customUrl%22%3A%22https%3A%2F%2Farcgishub.maps.arcgis.com%2Fsharing%2Frest%2Fcontent%2Fitems%2F35be358cf31445e2a63f14ae04698881%2Fdata%22%7D%7D%2C%22width%22%3A3%7D%2C%7B%22component%22%3A%7B%22name%22%3A%22category-card%22%2C%22settings%22%3A%7B%22category%22%3A%22Finance%20and%20Economics%22%2C%22type%22%3A%22keyword%22%2C%22keyword%22%3A%5B%22finance%22%5D%2C%22searchCategories%22%3A%5B%5D%2C%22iconName%22%3A%22Economy%22%2C%22iconType%22%3A%22library%22%2C%22iconColor%22%3A%22%234b0082%22%2C%22customAltText%22%3A%22Finance%20and%20Economics%20Data%22%2C%22customUrl%22%3A%22https%3A%2F%2Farcgishub.maps.arcgis.com%2Fsharing%2Frest%2Fcontent%2Fitems%2F3cfe98d47f25431581328c3e3516ce1f%2Fdata%22%7D%7D%2C%22width%22%3A3%7D%2C%7B%22component%22%3A%7B%22name%22%3A%22category-card%22%2C%22settings%22%3A%7B%22category%22%3A%22Public%20Safety%22%2C%22type%22%3A%22keyword%22%2C%22keyword%22%3A%5B%22public%20safety%22%5D%2C%22searchCategories%22%3A%5B%22public%20safety%22%5D%2C%22iconName%22%3A%22community-center%22%2C%22iconType%22%3A%22library%22%2C%22iconColor%22%3A%22%234b0082%22%2C%22customAltText%22%3A%22Public%20Safety%20Data%22%2C%22customUrl%22%3A%22https%3A%2F%2Farcgishub.maps.arcgis.com%2Fsharing%2Frest%2Fcontent%2Fitems%2F42ddfab1ce804b4baa7d45ed21a4c52d%2Fdata%22%7D%7D%2C%22width%22%3A3%7D%2C%7B%22component%22%3A%7B%22name%22%3A%22category-card%22%2C%22settings%22%3A%7B%22category%22%3A%22Geographics%22%2C%22type%22%3A%22keyword%22%2C%22keyword%22%3A%5B%22geographic%22%5D%2C%22searchCategories%22%3A%5B%5D%2C%22iconName%22%3A%22Boundaries2%22%2C%22iconType%22%3A%22library%22%2C%22iconColor%22%3A%22%234b0082%22%2C%22customAltText%22%3A%22Boundaries%20Data%22%2C%22customUrl%22%3A%22https%3A%2F%2Farcgishub.maps.arcgis.com%2Fsharing%2Frest%2Fcontent%2Fitems%2F0c4c9334eb7c4fb1900a0200b8004a38%2Fdata%22%7D%7D%2C%22width%22%3A3%7D%5D%7D%5D%2C%22visibility%22%3A%7B%22access%22%3A%22default%22%2C%22groups%22%3A%5B%5D%7D%7D%2C%7B%22containment%22%3A%22fixed%22%2C%22isFooter%22%3Afalse%2C%22style%22%3A%7B%22background%22%3A%7B%22isFile%22%3Afalse%2C%22isUrl%22%3Atrue%2C%22state%22%3A%22%22%2C%22display%22%3A%7B%7D%2C%22transparency%22%3A0%2C%22position%22%3A%7B%22x%22%3A%22center%22%2C%22y%22%3A%22center%22%7D%2C%22color%22%3A%22%23f2fcfc%22%7D%2C%22rowLayout%22%3A%22box%22%7D%2C%22rows%22%3A%5B%7B%22cards%22%3A%5B%7B%22component%22%3A%7B%22name%22%3A%22category-card%22%2C%22settings%22%3A%7B%22category%22%3A%22Public%20Works%22%2C%22type%22%3A%22keyword%22%2C%22keyword%22%3A%5B%22public%20works%22%5D%2C%22searchCategories%22%3A%5B%5D%2C%22iconName%22%3A%22construction-and-demolition-materials-debris%22%2C%22iconType%22%3A%22library%22%2C%22iconColor%22%3A%22%234b0082%22%2C%22customAltText%22%3A%22%22%7D%7D%2C%22width%22%3A3%7D%2C%7B%22component%22%3A%7B%22name%22%3A%22category-card%22%2C%22settings%22%3A%7B%22category%22%3A%22Rec%20%26%20Park%22%2C%22type%22%3A%22keyword%22%2C%22keyword%22%3A%5B%22rec%20%26%20park%22%5D%2C%22searchCategories%22%3A%5B%5D%2C%22iconName%22%3A%22tree%22%2C%22iconType%22%3A%22library%22%2C%22iconColor%22%3A%22%234b0082%22%2C%22customAltText%22%3A%22%22%7D%7D%2C%22width%22%3A3%7D%2C%7B%22component%22%3A%7B%22name%22%3A%22category-card%22%2C%22settings%22%3A%7B%22category%22%3A%22Neighborhood%22%2C%22type%22%3A%22keyword%22%2C%22keyword%22%3A%5B%22neighborhoods%22%5D%2C%22searchCategories%22%3A%5B%5D%2C%22iconName%22%3A%22Demographics2%22%2C%22iconType%22%3A%22library%22%2C%22iconColor%22%3A%22%234b0082%22%2C%22customAltText%22%3A%22%22%7D%7D%2C%22width%22%3A3%7D%2C%7B%22component%22%3A%7B%22name%22%3A%22category-card%22%2C%22settings%22%3A%7B%22category%22%3A%22%20Art%20%26%20Culture%22%2C%22type%22%3A%22keyword%22%2C%22keyword%22%3A%5B%22art%20%26%20culture%22%5D%2C%22searchCategories%22%3A%5B%5D%2C%22iconName%22%3A%22library%22%2C%22iconType%22%3A%22library%22%2C%22iconColor%22%3A%22%234b0082%22%2C%22customAltText%22%3A%22Culture%20%26%20Arts%20%22%2C%22customUrl%22%3A%22%22%7D%7D%2C%22width%22%3A3%7D%5D%7D%5D%2C%22visibility%22%3A%7B%22access%22%3A%22default%22%2C%22groups%22%3A%5B%5D%7D%7D%2C%7B%22containment%22%3A%22fixed%22%2C%22isFooter%22%3Afalse%2C%22style%22%3A%7B%22background%22%3A%7B%22isFile%22%3Afalse%2C%22isUrl%22%3Atrue%2C%22state%22%3A%22%22%2C%22display%22%3A%7B%7D%2C%22transparency%22%3A0%2C%22position%22%3A%7B%22x%22%3A%22center%22%2C%22y%22%3A%22center%22%7D%2C%22color%22%3A%22%23f2fcfc%22%7D%2C%22rowLayout%22%3A%22box%22%7D%2C%22rows%22%3A%5B%7B%22cards%22%3A%5B%7B%22component%22%3A%7B%22name%22%3A%22category-card%22%2C%22settings%22%3A%7B%22category%22%3A%22Census%22%2C%22type%22%3A%22keyword%22%2C%22keyword%22%3A%5B%22census%22%5D%2C%22searchCategories%22%3A%5B%5D%2C%22iconName%22%3A%22family-unification%22%2C%22iconType%22%3A%22library%22%2C%22iconColor%22%3A%22%234b0082%22%2C%22customAltText%22%3A%22%22%7D%7D%2C%22width%22%3A3%7D%2C%7B%22component%22%3A%7B%22name%22%3A%22category-card%22%2C%22settings%22%3A%7B%22category%22%3A%22Planning%22%2C%22type%22%3A%22keyword%22%2C%22keyword%22%3A%5B%22planning%22%5D%2C%22searchCategories%22%3A%5B%5D%2C%22iconName%22%3A%22Society2%22%2C%22iconType%22%3A%22library%22%2C%22iconColor%22%3A%22%234b0082%22%2C%22customAltText%22%3A%22%22%7D%7D%2C%22width%22%3A3%7D%2C%7B%22component%22%3A%7B%22name%22%3A%22category-card%22%2C%22settings%22%3A%7B%22category%22%3A%22City%20Services%22%2C%22type%22%3A%22keyword%22%2C%22keyword%22%3A%5B%22city%20services%22%5D%2C%22searchCategories%22%3A%5B%5D%2C%22iconName%22%3A%22Business%22%2C%22iconType%22%3A%22library%22%2C%22iconColor%22%3A%22%234b0082%22%2C%22customAltText%22%3A%22%22%7D%7D%2C%22width%22%3A3%7D%2C%7B%22component%22%3A%7B%22name%22%3A%22category-card%22%2C%22settings%22%3A%7B%22category%22%3A%22Education%22%2C%22type%22%3A%22keyword%22%2C%22keyword%22%3A%5B%22education%22%5D%2C%22searchCategories%22%3A%5B%5D%2C%22iconName%22%3A%22Generic_Book%22%2C%22iconType%22%3A%22library%22%2C%22iconColor%22%3A%22%234b0082%22%2C%22customAltText%22%3A%22%22%7D%7D%2C%22width%22%3A3%7D%5D%7D%2C%7B%22cards%22%3A%5B%7B%22component%22%3A%7B%22name%22%3A%22category-card%22%2C%22settings%22%3A%7B%22category%22%3A%22Business%22%2C%22type%22%3A%22keyword%22%2C%22keyword%22%3A%5B%22business%22%5D%2C%22searchCategories%22%3A%5B%5D%2C%22iconName%22%3A%22corporate-headquarters%22%2C%22iconType%22%3A%22library%22%2C%22iconColor%22%3A%22%234b0082%22%2C%22customAltText%22%3A%22%22%7D%7D%2C%22width%22%3A12%7D%5D%7D%5D%2C%22visibility%22%3A%7B%22access%22%3A%22default%22%2C%22groups%22%3A%5B%5D%7D%7D%5D%2C%22header%22%3A%7B%22component%22%3A%7B%22name%22%3A%22site-header%22%2C%22settings%22%3A%7B%22fullWidth%22%3Afalse%2C%22iframeHeight%22%3A%22150px%22%2C%22iframeUrl%22%3A%22%22%2C%22links%22%3A%5B%5D%2C%22logoUrl%22%3A%22%7B%7Borganization.portalProperties.sharedTheme.logo.small%7D%7D%22%2C%22title%22%3A%22Open%20Baltimore%22%2C%22markdown%22%3A%22%3Cnav%20style%3D%5C%22background-color%3A%2331363C%3B%5C%22%20class%3D%5C%22navbar%20navbar-default%20navbar-static-top%20first-tier%5C%22%3E%5Cr%5Cn%20%20%3Cdiv%20class%3D%5C%22container%5C%22%3E%5Cr%5Cn%20%20%20%20%3Cdiv%20class%3D%5C%22navbar-brand%5C%22%3E%5Cr%5Cn%20%20%20%20%20%20%3Cdiv%20class%3D%5C%22site-logo%5C%22%3E%5Cr%5Cn%20%20%20%20%20%3C!--%20%20%20%3Cimg%20style%3D%5C%22max-width%3A50px%3B%20max-height%3A50px%3D%5C%22%20src%3D%5C%22https%3A%2F%2Fdata.baltimorecity.gov%2Fapi%2Fassets%2F0F870777-D52D-4BB3-AB58-06F3DF692407%3Fcity-logo_only.png%5C%22%20alt%3D%5C%22logo%5C%22%3E%20--%3E%5Cr%5Cn%20%20%20%20%20%20%20%20%3Cimg%20style%3D%5C%22max-width%3A50px%3B%20max-height%3A50px%3D%5C%22%20src%3D%5C%22https%3A%2F%2Fbaltimore.maps.arcgis.com%2Fsharing%2Frest%2Fcontent%2Fitems%2Fee62f3c9fd124938b9f8c6ff9091a6e5%2Fdata%5C%22%20alt%3D%5C%22logo%5C%22%3E%5Cr%5Cn%20%20%20%20%20%20%20%20%3Ch1%3EOpen%20Baltimore%3C%2Fh1%3E%5Cr%5Cn%20%20%20%20%20%20%3C%2Fdiv%3E%5Cr%5Cn%20%20%20%20%3C%2Fdiv%3E%5Cr%5Cn%20%20%3C%2Fdiv%3E%5Cr%5Cn%3C%2Fnav%3E%5Cr%5Cn%3Cnav%20class%3D%5C%22navbar%20navbar-inverse%20navbar-static-top%20second-tier%5C%22%20role%3D%5C%22navigation%5C%22%3E%5Cr%5Cn%20%20%3Cdiv%20class%3D%5C%22navbar-header%5C%22%3E%5Cr%5Cn%20%20%20%20%3Cbutton%20class%3D%5C%22navbar-toggle%20collapsed%5C%22%20data-toggle%3D%5C%22collapse%5C%22%20data-target%3D%5C%22%23bs-example-navbar-collapse-1%5C%22%3E%5Cr%5Cn%20%20%20%20%20%20%3Cspan%20class%3D%5C%22sr-only%5C%22%3EToggle%20navigation%3C%2Fspan%3E%5Cr%5Cn%20%20%20%20%20%20%3Cspan%20class%3D%5C%22icon-bar%5C%22%3E%3C%2Fspan%3E%5Cr%5Cn%20%20%20%20%20%20%3Cspan%20class%3D%5C%22icon-bar%5C%22%3E%3C%2Fspan%3E%5Cr%5Cn%20%20%20%20%20%20%3Cspan%20class%3D%5C%22icon-bar%5C%22%3E%3C%2Fspan%3E%5Cr%5Cn%20%20%20%20%3C%2Fbutton%3E%5Cr%5Cn%20%20%3C%2Fdiv%3E%5Cr%5Cn%20%20%3Cdiv%20style%3D%5C%22background-color%3A%2331363C%3B%5C%22%20class%3D%5C%22collapse%20navbar-collapse%5C%22%20id%3D%5C%22bs-example-navbar-collapse-1%5C%22%3E%5Cr%5Cn%20%20%20%20%3Cdiv%20class%3D%5C%22container%5C%22%3E%5Cr%5Cn%20%20%20%20%20%20%3Cdiv%20class%3D%5C%22navbar%5C%22%3E%5Cr%5Cn%20%20%20%20%20%20%20%20%3Cul%20class%3D%5C%22nav%20navbar-nav%5C%22%3E%5Cr%5Cn%20%20%20%20%20%20%20%3C!--%20%3Cli%20class%3D%5C%22active%5C%22%3E%3Ca%20href%3D%5C%22https%3A%2F%2Fbmore-open-data-baltimore.hub.arcgis.com%2F%5C%22%3EHome%3C%2Fa%3E%3C%2Fli%3E%20--%3E%5Cr%5Cn%20%20%20%20%20%20%20%20%5Cr%5Cn%20%20%20%20%20%20%20%20%3C!--%3Cli%20class%3D%5C%22dropdown%5C%22%20style%3D%5C%22font-size%3A%201.35%20rem%3B%5C%22%3E%5Cr%5Cn%20%20%20%20%20%20%20%20%20%20%3Ca%20class%3D%5C%22dropdown-toggle%5C%22%20data-toggle%3D%5C%22dropdown%5C%22%20href%3D%5C%22%23%5C%22%20role%3D%5C%22button%5C%22%3EAbout%3Cspan%20class%3D%5C%22caret%5C%22%3E%3C%2Fspan%3E%3C%2Fa%3E%5Cr%5Cn%20%20%20%20%20%20%20%20%20%20%3Cul%20class%3D%5C%22dropdown-menu%5C%22%3E%5Cr%5Cn%20%20%20%20%20%20%20%20%20%20%20%20%3Cli%3E%3Ca%20href%3D%5C%22https%3A%2F%2Ftechnology.baltimorecity.gov%2Fopen-data-policy%5C%22%20target%3D%5C%22_blank%5C%22%3EOpen%20Data%20Policy%3C%2Fa%3E%3C%2Fli%3E%5Cr%5Cn%20%20%20%20%20%20%20%20%20%20%20%20%3Cli%3E%3Ca%20href%3D%5C%22https%3A%2F%2Fwww.baltimorecity.gov%2Fsites%2Fdefault%2Ffiles%2FBaltimore%2520Open%2520Data%2520Report%25202019.pdf%5C%22%20target%3D%5C%22_blank%5C%22%3EAnnual%20Report%3C%2Fa%3E%3C%2Fli%3E%5Cr%5Cn%20%20%20%20%20%20%20%20%20%20%20%20%3C%2Ful%3E%5Cr%5Cn%20%20%20%20%20%20%20%20%3C%2Fli%3E--%3E%5Cr%5Cn%5Ct%5Ct%3C!--%3Cli%20class%3D%5C%22dropdown%5C%22%20style%3D%5C%22font-size%3A%201.35%20rem%3B%5C%22%3E%5Cr%5Cn%20%20%20%20%20%20%20%20%20%20%3Ca%20class%3D%5C%22dropdown-toggle%5C%22%20data-toggle%3D%5C%22dropdown%5C%22%20href%3D%5C%22%23%5C%22%20role%3D%5C%22button%5C%22%3EContent%3Cspan%20class%3D%5C%22caret%5C%22%3E%3C%2Fspan%3E%3C%2Fa%3E%5Cr%5Cn%20%20%20%20%20%20%20%20%20%20%3Cul%20class%3D%5C%22dropdown-menu%5C%22%3E%5Cr%5Cn%5Cr%5Cn%20%20%20%20%20%20%20%20%20%20%20%5Cr%5Cn%5Cr%5Cn%20%20%20%20%20%20%20%20%20%20%20%20%3Cli%3E%5Cr%5Cn%20%20%20%20%20%20%20%20%20%20%20%20%20%20%3Ca%20href%3D%5C%22%23storymaps%5C%22%3EStorymaps%3C%2Fa%3E%5Cr%5Cn%20%20%20%20%20%20%20%20%20%20%20%20%3C%2Fli%3E%5Cr%5Cn%20%20%20%20%20%20%20%20%20%20%20%20%20%3Cli%3E%3C%2Fli%3E%5Cr%5Cn%20%20%20%20%20%20%20%20%20%20%20%5Cr%5Cn%20%20%20%20%20%20%20%20%20%20%20%20%3C%2Ful%3E%5Cr%5Cn%20%20%20%20%20%20%20%20%3C%2Fli%3E%20--%3E%5Cr%5Cn%20%20%20%20%20%20%20%20%20%20%20%20%20%3C!--%20%3Ca%20href%3D%5C%22https%3A%2F%2Fbmore-open-data-baltimore.hub.arcgis.com%2Fsearch%5C%22%3EData%20Catalog%3C%2Fa%3E%20--%3E%5Cr%5Cn%20%20%20%20%20%20%20%20%20%20%3Cli%20class%3D%5C%22active%5C%22%3E%3Ca%20href%3D%5C%22https%3A%2F%2Fdata.baltimorecity.gov%2F%5C%22%3EHome%3C%2Fa%3E%3C%2Fli%3E%5Cr%5Cn%20%20%20%20%20%20%20%20%20%20%3Cli%3E%3Ca%20href%3D%5C%22https%3A%2F%2Fdata.baltimorecity.gov%2Fsearch%5C%22%3EData%20Catalog%3C%2Fa%3E%3C%2Fli%3E%5Cr%5Cn%20%20%20%20%20%20%20%20%20%20%3Cli%3E%3Ca%20href%3D%5C%22%23dashboards%5C%22%3EDashboards%3C%2Fa%3E%3C%2Fli%3E%5Cr%5Cn%20%20%20%20%20%20%20%20%20%20%3Cli%3E%3Ca%20href%3D%5C%22https%3A%2F%2Fdata.baltimorecity.gov%2Fpages%2Ftraining%5C%22%3ETraining%20%26%20Resources%3C%2Fa%3E%3C%2Fli%3E%5Cr%5Cn%20%20%20%20%20%20%20%20%20%20%3Cli%3E%3Ca%20href%3D%5C%22https%3A%2F%2Fdata.baltimorecity.gov%2Fpages%2Fdata-governance%5C%22%3EData%20Governance%3C%2Fa%3E%3C%2Fli%3E%5Cr%5Cn%20%20%20%20%20%20%20%20%20%20%3Cli%3E%3Ca%20href%3D%5C%22https%3A%2F%2Fdata.baltimorecity.gov%2Fpages%2Fblog%5C%22%3EBlog%3C%2Fa%3E%3C%2Fli%3E%5Cr%5Cn%20%20%20%20%20%20%20%20%20%20%3Cli%3E%3Ca%20href%3D%5C%22https%3A%2F%2Fmayor.baltimorecity.gov%5C%22%3EMayor's%20Office%3C%2Fa%3E%3C%2Fli%3E%5Cr%5Cn%20%20%20%20%20%20%20%20%20%20%3Cli%3E%3Ca%20href%3D%5C%22https%3A%2F%2Fwww.bloomberg.org%2Fpress%2Fbloomberg-philanthropies-recognizes-10-u-s-cities-for-excellence-in-using-data-and-evidence%5C%22%20target%3D%5C%22_blank%5C%22%3EWhat%20Works%20Cities%3C%2Fa%3E%3C%2Fli%3E%5Cr%5Cn%20%20%20%20%20%20%20%20%20%20%3Cli%3E%3Ca%20href%3D%5C%22mailto%3ADL-OpenBaltimore%40baltimorecity.gov%5C%22%3EContact%20Us%3C%2Fa%3E%3C%2Fli%3E%5Cr%5Cn%20%20%20%20%20%20%20%20%3C%2Ful%3E%5Cr%5Cn%20%20%20%20%20%20%3C%2Fdiv%3E%5Cr%5Cn%20%20%20%20%3C%2Fdiv%3E%5Cr%5Cn%20%20%3C%2Fdiv%3E%5Cr%5Cn%3C%2Fnav%3E%22%2C%22headerType%22%3A%22custom%22%2C%22showLogo%22%3Atrue%2C%22showTitle%22%3Atrue%2C%22logo%22%3A%7B%22display%22%3A%7B%7D%2C%22state%22%3A%22valid%22%2C%22isFile%22%3Atrue%2C%22isUrl%22%3Afalse%2C%22fileSrc%22%3A%22baltimore_logo_2020.png%22%2C%22cropSrc%22%3A%22baltimore_logo_2020.png%22%7D%2C%22shortTitle%22%3A%22Open%20Baltimore%22%2C%22menuLinks%22%3A%5B%7B%22external%22%3Atrue%2C%22name%22%3A%22Office%20of%20the%20Mayor%22%2C%22url%22%3A%22https%3A%2F%2Fmayor.baltimorecity.gov%2F%22%2C%22newTab%22%3Atrue%2C%22title%22%3A%22Office%20of%20the%20Mayor%22%7D%2C%7B%22external%22%3Atrue%2C%22name%22%3A%22Open%20Data%20Policy%22%2C%22url%22%3A%22https%3A%2F%2Ftechnology.baltimorecity.gov%2Fopen-data-policy%22%2C%22newTab%22%3Atrue%2C%22title%22%3A%22Open%20Data%20Policy%22%7D%2C%7B%22external%22%3Atrue%2C%22name%22%3A%22Annual%20Report%22%2C%22url%22%3A%22https%3A%2F%2Fwww.baltimorecity.gov%2Fsites%2Fdefault%2Ffiles%2FBaltimore%2520Open%2520Data%2520Report%25202019.pdf%22%2C%22newTab%22%3Atrue%2C%22title%22%3A%22Annual%20Report%22%7D%5D%2C%22socialLinks%22%3A%7B%22facebook%22%3A%7B%22visible%22%3Afalse%7D%2C%22twitter%22%3A%7B%22visible%22%3Atrue%2C%22url%22%3A%22https%3A%2F%2Ftwitter.com%2FOpenBaltimore%22%7D%2C%22instagram%22%3A%7B%7D%2C%22youtube%22%3A%7B%7D%7D%2C%22schemaVersion%22%3A3%2C%22alt%22%3A%22City%20of%20Baltimore%22%7D%7D%7D%2C%22footer%22%3A%7B%22component%22%3A%7B%22name%22%3A%22site-footer%22%2C%22settings%22%3A%7B%22footerType%22%3A%22custom%22%2C%22markdown%22%3A%22%3Cdiv%20class%3D%5C%22footer-color%5C%22%3E%3Cdiv%20class%3D%5C%22container%5C%22%3E%5Cn%20%20%20%20%3Cdiv%20class%3D%5C%22row%5C%22%3E%20%20%3Cdiv%20class%3D%5C%22col-sm-1%5C%22%3E%3Cdiv%20data-lazy-load-background%3D%5C%22%5C%22%20class%3D%5C%22image-card%20calcite-web%5C%22%3E%20%3Cdiv%20class%3D%5C%22card-image-wrap%5C%22%3E%5Cn%20%20%20%20%20%20%20%20%3Cimg%20class%3D%5C%22card-image%5C%22%20alt%3D%5C%22%5C%22%20src%3D%5C%22%5C%22%3E%5Cn%3C%2Fdiv%3E%5Cn%3C%2Fdiv%3E%5Cn%3C%2Fdiv%3E%5Cn%20%20%3Cdiv%20class%3D%5C%22col-sm-6%5C%22%3E%20%3Ch5%3EOpen%20Baltimore%3C%2Fh5%3E%5Cn%3Cbr%3E%5Cn%3Cp%3E%3Ca%20href%3D%5C%22https%3A%2F%2Fwww.baltimorecity.gov%2Fnode%2F2020%5C%22%20class%3D%5C%22footer-link%5C%22%3ETerms%20of%20Use%3C%2Fa%3E%3C%2Fp%3E%3Cp%3E%3Ca%20href%3D%5C%22https%3A%2F%2Fbaltimorecity.gov%2Fnode%2F2019%5C%22%20class%3D%5C%22footer-link%5C%22%3EPrivacy%20Policy%3C%2Fa%3E%5Cn%3C%2Fp%3E%5Cn%3Cp%3E%5Cn%3Cem%3ECopyright%202021.%20Baltimore%20City.%3C%2Fem%3E%3C%2Fp%3E%5Cn%3Cp%3E%5Cn%5Cn%3Cem%3EBanner%20photo%20by%20%3Ca%20href%3D%5C%22https%3A%2F%2Funsplash.com%2F%40corey_lyfe%3Futm_source%3Dunsplash%26amp%3Butm_medium%3Dreferral%26amp%3Butm_content%3DcreditCopyText%5C%22%20target%3D%5C%22_blank%5C%22%3ECorey%20Agopian%3C%2Fa%3E%20on%20%3Ca%20href%3D%5C%22https%3A%2F%2Funsplash.com%2Fwallpapers%2Fnature%2Fpalm-tree%3Futm_source%3Dunsplash%26amp%3Butm_medium%3Dreferral%26amp%3Butm_content%3DcreditCopyText%5C%22%20target%3D%5C%22_blank%5C%22%3EUnsplash%3C%2Fa%3E.%3C%2Fem%3E%3C%2Fp%3E%5Cn%5Cn%3Cp%3E%3Cem%3ECategory%20icons%20made%20by%20%3Ca%20href%3D%5C%22https%3A%2F%2Fwww.flaticon.com%2Fauthors%2Ffreepik%5C%22%20title%3D%5C%22Freepik%5C%22%3EFreepik%3C%2Fa%3E%20from%20%3Ca%20href%3D%5C%22https%3A%2F%2Fwww.flaticon.com%2F%5C%22%20title%3D%5C%22Flaticon%5C%22%3Ewww.flaticon.com%3C%2Fa%3E%3C%2Fem%3E%3C%2Fp%3E%5Cn%3Cp%3E%3Cem%3EAdditional%20icons%20from%20%3Ca%20target%3D%5C%22_blank%5C%22%20style%3D%5C%22color%3A%20%23fff%5C%22%20href%3D%5C%22https%3A%2F%2Ficons8.com%5C%22%3EIcons8%3C%2Fa%3E%3C%2Fem%3E%3C%2Fp%3E%5Cn%3Cp%3E%3Cem%3E%3Ca%20href%3D%5C%22https%3A%2F%2Fcivilrights.baltimorecity.gov%2Ffaq-americans-disabilities-act-ada%5C%22%20target%3D%5C%22_blank%5C%22%20style%3D%5C%22color%3A%20%23fff%5C%22%3EFAQ%20FOR%20THE%20AMERICANS%20WITH%20DISABILITIES%20ACT%20(ADA)%20%3C%2Fa%3E%20%3C%2Fem%3E%3C%2Fp%3E%5Cn%5Cn%3Cp%3E%3C%2Fp%3E%5Cn%3C%2Fdiv%3E%5Cn%20%20%3Cdiv%20class%3D%5C%22col-sm-5%5C%22%3E%20%5Cn%20%20%20%20%3Cdiv%3E%5Cn%20%20%20%20%20%20%3C!--%20%20%3Cstrong%3Ephone%3A%3C%2Fstrong%3E%20%3Cbr%3E%20--%3E%5Cn%20%20%20%20%20%20%20%20%3Cstrong%3E%3Ca%20href%3D%5C%22mailto%3ADL-OpenBaltimore%40baltimorecity.gov%5C%22%3Eemail%3A%20DL-OpenBaltimore%40baltimorecity.gov%3C%2Fa%3E%3C%2Fstrong%3E%20%3Cbr%3E%5Cn%20%20%20%20%20%20%5Cn%20%20%20%20%20%20%3Cstrong%3E%3Ca%20href%3D%5C%22https%3A%2F%2Fbalt311.baltimorecity.gov%2Fcitizen%2F%5C%22%3E%3C%2Fa%3E%3C%2Fstrong%3E%5Cn%20%20%20%20%3C%2Fdiv%3E%5Cn%20%20%20%20%3Cbr%3E%5Cn%20%20%20%20%3Cdiv%3E%5Cn%20%20%20%20%20%20%20%20Follow%20our%20Chief%20Data%20Officer%20on%20Twitter%20for%20more%20info%20on%20data%20%26%20analytics%20in%20city%20government%3A%20%5Cn%20%20%20%20%20%20%20%20%20%20%3C!--%20%20%3Ca%20href%3D%5C%22%23%5C%22%3E%3Cimg%20class%3D%5C%22%5C%22%20style%3D%5C%22padding%3A%205px%208px%3B%20height%3A37px%3B%20width%3A%20auto%3B%5C%22%20src%3D%5C%22https%3A%2F%2Farcgishub.maps.arcgis.com%2Fsharing%2Frest%2Fcontent%2Fitems%2F86d5b5a1d69d4de9b49aeeb29d0525a1%2Fdata%3Fw%3D800%5C%22%3E%3C%2Fa%3E%20--%3E%5Cn%20%20%20%20%20%20%20%20%20%20%20%3Ca%20href%3D%5C%22https%3A%2F%2Ftwitter.com%2Fbaltdata%5C%22%3E%3Cimg%20class%3D%5C%22%5C%22%20style%3D%5C%22padding%3A%205px%208px%3B%20height%3A37px%3B%20width%3A%20auto%3B%5C%22%20src%3D%5C%22https%3A%2F%2Farcgishub.maps.arcgis.com%2Fsharing%2Frest%2Fcontent%2Fitems%2F5e4568868bb241a990ca1999b23d2099%2Fdata%3Fw%3D800%5C%22%3E%3C%2Fa%3E%5Cn%20%20%20%20%20%20%20%20%20%20%3C!--%20%20%3Ca%20href%3D%5C%22%23%5C%22%3E%3Cimg%20class%3D%5C%22%5C%22%20style%3D%5C%22padding%3A%205px%3B%20height%3A37px%3B%20width%3A%20auto%3B%5C%22%20src%3D%5C%22https%3A%2F%2Farcgishub.maps.arcgis.com%2Fsharing%2Frest%2Fcontent%2Fitems%2Fb7c2eb5aaa894fb483683521357f9334%2Fdata%3Fw%3D800%5C%22%3E%3C%2Fa%3E%20--%3E%5Cn%20%20%20%20%20%20%20%20%20%20%20%3Cimg%20alt%3D%5C%22Silver%20Badge%5C%22%20src%3D%5C%22https%3A%2F%2Fbaltimore.maps.arcgis.com%2Fsharing%2Frest%2Fcontent%2Fitems%2F73f1932529f243bb833cc6b398185393%2Fdata%5C%22%20style%3D%5C%22padding%3A%200px%3B%20height%3A220px%3B%20width%3A%20auto%3B%5C%22%3E%5Cn%20%20%20%20%20%20%20%20%20%20%3C!--%20style%3D%5C%22width%3A40em%3B%20height%3A30em%3B%20%20position%3A%20relative%3B%20left%3A%200%3B%20%20%20%20%20top%3A%200%3B%5C%22%20--%3E%5Cn%20%20%20%20%3C%2Fdiv%3E%5Cn%20%20%20%5Cn%3C%2Fdiv%3E%5Cn%3C%2Fdiv%3E%5Cn%3C%2Fdiv%3E%5Cn%3C%2Fdiv%3E%22%2C%22schemaVersion%22%3A2.1%7D%7D%2C%22showEditor%22%3Afalse%7D%7D%2C%22theme%22%3A%7B%22header%22%3A%7B%22background%22%3A%22%2331363c%22%2C%22text%22%3A%22%23f9f6f6%22%7D%2C%22body%22%3A%7B%22background%22%3A%22%23fff%22%2C%22text%22%3A%22%2331363c%22%2C%22link%22%3A%22%23026873%22%7D%2C%22button%22%3A%7B%22background%22%3A%22%23026873%22%2C%22text%22%3A%22%23fff%22%7D%2C%22logo%22%3A%7B%22small%22%3A%22%7B%7Borganization.portalProperties.sharedTheme.logo.small%7D%7D%22%7D%2C%22fonts%22%3A%7B%22base%22%3A%7B%22url%22%3A%22%22%2C%22family%22%3A%22Avenir%20Next%22%7D%2C%22heading%22%3A%7B%22url%22%3A%22https%3A%2F%2Ffonts.googleapis.com%2Fcss2%3Ffamily%3DArial%22%2C%22family%22%3A%22Arial%22%7D%7D%2C%22globalNav%22%3A%7B%22background%22%3A%22%2331363c%22%2C%22text%22%3A%22%23ffffff%22%7D%7D%2C%22headerSass%22%3A%22.custom-header%20%7B%5Cn%20%20.first-tier%20%7B%5Cr%5Cn%20%20%20%20height%3A%2080px%3B%5Cr%5Cn%20%20%20%20margin-bottom%3A%200px%3B%5Cr%5Cn%20%20%20%20background-color%3A%20%23000000%3B%5Cr%5Cn%20%20%7D%5Cr%5Cn%5Cr%5Cn%20%20.first-tier%20.nav%3Eli%3Ea%20%7B%5Cr%5Cn%20%20%20%20margin-top%3A%205px%3B%5Cr%5Cn%20%20%20%20padding%3A%203px%206px%3B%5Cr%5Cn%20%20%20%20color%3A%20%23fff%3B%5Cr%5Cn%20%20%7D%5Cr%5Cn%5Cr%5Cn%20%20.first-tier%20.nav%3Eli%3Ea%3Afocus%2C%5Cr%5Cn%20%20.first-tier%20.nav%3Eli%3Ea%3Ahover%20%7B%5Cr%5Cn%20%20%20%20background-color%3A%20%23000000%3B%5Cr%5Cn%20%20%20%20color%3A%20%23fff%3B%5Cr%5Cn%20%20%7D%5Cr%5Cn%5Cr%5Cn%20%20.first-tier%20.site-logo%20img%20%7B%5Cr%5Cn%20%20%20%20vertical-align%3A%20middle%3B%5Cr%5Cn%20%20%7D%5Cr%5Cn%5Cr%5Cn%20%20.first-tier%20h1%20%7B%5Cr%5Cn%20%20%20%20display%3A%20inline%3B%5Cr%5Cn%20%20%20%20font-size%3A%2030px%3B%5Cr%5Cn%20%20%20%20color%3A%20%23fff%3B%5Cr%5Cn%20%20%7D%5Cr%5Cn%5Cr%5Cn%20%20.second-tier%20%7B%5Cr%5Cn%20%20%20%20margin-bottom%3A%200px%3B%5Cr%5Cn%20%20%20%20background-color%3A%20%23000000%3B%5Cr%5Cn%20%20%7D%20%5Cr%5Cn%5Cr%5Cn%20.site-header%20.navbar-header%20img%20%7B%5Cr%5Cn%20%20%20%20vertical-align%3A%20middle%3B%5Cr%5Cn%20%20%20%20height%3A%2050px%3B%5Cr%5Cn%20%20%20%20padding%3A%205px%3B%5Cr%5Cn%20%20%7D%5Cr%5Cn%5Cr%5Cn%20%20.header-container%20%7B%5Cr%5Cn%20%20%20%20top%3A%2080px%3B%5Cr%5Cn%20%20%20%20margin%3A%200%20auto%3B%5Cr%5Cn%20%20%20%20max-width%3A%201440px%3B%5Cr%5Cn%20%20%20%20position%3A%20absolute%3B%5Cr%5Cn%20%20%20%20width%3A%20100%25%3B%5Cr%5Cn%20%20%20%20transform%3A%20translateX(-50%25)%3B%5Cr%5Cn%20%20%20%20left%3A%2050%25%3B%5Cr%5Cn%20%20%20%20z-index%3A%2010%3B%5Cr%5Cn%20%20%20%20transition%3A%20max-width%20250ms%20linear%3B%5Cr%5Cn%20%20%7D%20%5Cr%5Cn%5Cr%5Cn%20%20.header-container%20.navbar%20.container-fluid%20%7B%5Cr%5Cn%20%20%20%20display%3A%20flex%3B%5Cr%5Cn%20%20%7D%5Cr%5Cn%5Cr%5Cn%20%20.header-container%20.navbar.navbar-default%20%7B%5Cr%5Cn%20%20%20%20background-color%3A%20%23fff%3B%5Cr%5Cn%20%20%20%20border-color%3A%20transparent%20!important%3B%5Cr%5Cn%20%20%20%20border-radius%3A%200%3B%5Cr%5Cn%20%20%7D%5Cr%5Cn%5Cr%5Cn%20%20.header-container%20.navbar.navbar-default%20.navbar-collapse.collapse%20%7B%5Cr%5Cn%20%20%20%20display%3A%20flex%20!important%3B%5Cr%5Cn%20%20%20%20flex%3A%201%3B%5Cr%5Cn%20%20%20%20padding-right%3A%200%3B%5Cr%5Cn%20%20%7D%5Cr%5Cn%5Cr%5Cn%20%20.header-container%20.navbar.navbar-default%20.navbar-brand%20%7B%5Cr%5Cn%20%20%20%20color%3A%20%23333%3B%5Cr%5Cn%20%20%20%20height%3A%20auto%3B%5Cr%5Cn%20%20%20%20padding%3A%201rem%3B%5Cr%5Cn%20%20%7D%5Cr%5Cn%5Cr%5Cn%20%20.header-container%20.navbar.navbar-default%20.navbar-brand-img%20%7B%5Cr%5Cn%20%20%20%20display%3A%20inline-block%3B%5Cr%5Cn%20%20%7D%5Cr%5Cn%5Cr%5Cn%20%20.header-container%20.navbar.navbar-default%20.navbar-nav%20%7B%5Cr%5Cn%20%20%20%20flex%3A%202%3B%5Cr%5Cn%20%20%20%20align-items%3A%20center%3B%5Cr%5Cn%20%20%20%20justify-content%3A%20center%3B%5Cr%5Cn%20%20%20%20margin%3A%20auto%3B%5Cr%5Cn%20%20%20%20float%3A%20none%3B%5Cr%5Cn%20%20%7D%5Cr%5Cn%5Cr%5Cn%20%20.header-container%20.navbar.navbar-default%20.navbar-nav%3Eli%20%7B%5Cr%5Cn%20%20%20%20float%3A%20none%3B%5Cr%5Cn%20%20%20%20display%3A%20inline-block%3B%5Cr%5Cn%20%20%7D%5Cr%5Cn%5Cr%5Cn%20%20.header-container%20.navbar.navbar-default%20.navbar-nav%3Eli%3Ea%20%7B%5Cr%5Cn%20%20%20%20background%3A%20transparent%3B%5Cr%5Cn%20%20%20%5Cr%5Cn%20%20%20%20color%3A%20%23fff%3B%5Cr%5Cn%20%20%20%20font-size%3A%2015px%3B%5Cr%5Cn%20%20%20%20transition%3A%20all%20250ms%20linear%3B%5Cr%5Cn%20%20%7D%5Cr%5Cn%5Cr%5Cn%20%20.header-container%20.navbar.navbar-default%20.navbar-nav%3Eli%3Ea%3Afocus%2C%5Cr%5Cn%20%20.header-container%20.navbar.navbar-default%20.navbar-nav%3Eli%3Ea%3Ahover%20%7B%5Cr%5Cn%20%20%20%20background%3A%20%233276AE%3B%5Cr%5Cn%20%20%20%20color%3A%20%23fff%3B%5Cr%5Cn%20%20%7D%5Cr%5Cn%5Cr%5Cn%20%20.header-container%20.navbar.navbar-default%20.navbar-right%20%7B%5Cr%5Cn%20%20%20%20margin-right%3A%200%3B%5Cr%5Cn%20%20%20%20flex%3A%201%3B%5Cr%5Cn%20%20%20%20text-align%3A%20right%3B%5Cr%5Cn%20%20%7D%5Cr%5Cn%5Cr%5Cn%20%20%40media%20screen%20and%20(max-width%3A%20768px)%20%7B%5Cr%5Cn%20%20%20%20.header-container%20.navbar-header%20%7B%5Cr%5Cn%20%20%20%20%20%20width%3A%20100%25%3B%5Cr%5Cn%20%20%20%20%7D%5Cr%5Cn%20%20%20%20.header-container%20.navbar-default%20.navbar-toggle%20%7B%5Cr%5Cn%20%20%20%20%20%20margin-top%3A%2018px%3B%5Cr%5Cn%20%20%20%20%7D%5Cr%5Cn%20%20%20%20.header-container%20.navbar%20.container-fluid%20%7B%5Cr%5Cn%20%20%20%20%20%20display%3A%20block%20!important%3B%5Cr%5Cn%20%20%20%20%7D%5Cr%5Cn%20%20%20%20.header-container%20.navbar.navbar-default%20.navbar-collapse.collapse%20%7B%5Cr%5Cn%20%20%20%20%20%20overflow%3A%20hidden%3B%5Cr%5Cn%20%20%20%20%20%20display%3A%20none%20!important%3B%5Cr%5Cn%20%20%20%20%7D%5Cr%5Cn%20%20%20%20.header-container%20.navbar.navbar-default%20.navbar-collapse.collapse.in%20%7B%5Cr%5Cn%20%20%20%20%20%20display%3A%20block%20!important%3B%5Cr%5Cn%20%20%20%20%7D%5Cr%5Cn%20%20%20%20.header-container%20.navbar.navbar-default%20.navbar-nav%20%7B%5Cr%5Cn%20%20%20%20%20%20display%3A%20inherit%3B%5Cr%5Cn%20%20%20%20%20%20padding%3A%200%200%201rem%200%3B%5Cr%5Cn%20%20%20%20%7D%5Cr%5Cn%20%20%20%20.header-container%20.navbar.navbar-default%20.navbar-nav%20%3E%20li%20%7B%5Cr%5Cn%20%20%20%20%20%20display%3A%20block%3B%5Cr%5Cn%20%20%20%20%7D%5Cr%5Cn%20%20%7D%5Cr%5Cn%5Cn%20%20%7D%22%2C%22footerSass%22%3A%22.custom-footer%20%7B%5Cn%20%20.footer-color%20%7B%5Cn%20%20%20%2F*%20background-color%3A%20%23026873%3B%20*%2F%5Cn%20%20%2F*%20background-color%3A%20%230080ff%3B%20*%2F%5Cn%20background-color%3A%20%2331363C%3B%5Cn%20%20%20%20color%3A%20%23ffffff%3B%5Cn%20%20%7D%5Cn%5Cn.footer-color%20a%20%7B%5Cn%20%20%20%20color%3A%20%23ffffff%3B%5Cn%7D%5Cn%5Cn.image-card.calcite-web%20.card-image%20%7B%5Cn%20%20%20max-width%3A%2050px%3B%5Cn%20%20%20height%3A%20auto%3B%5Cn%20%20%20margin-bottom%3A%2030px%3B%5Cn%7D%5Cn%5Cn%20%20%7D%22%2C%22defaultHostname%22%3A%22bmore-open-data-baltimore.hub.arcgis.com%22%2C%22subdomain%22%3A%22bmore-open-data%22%2C%22updatedAt%22%3A%222022-03-22T17%3A44%3A53.287Z%22%2C%22updatedBy%22%3A%22baltimore_city%22%2C%22capabilities%22%3A%5B%22api_explorer%22%2C%22pages%22%2C%22my_data%22%2C%22social_logins%22%2C%22json_chart_card%22%2C%22items_view%22%2C%22globalNav%22%2C%22socialSharing%22%2C%22projection%22%2C%22consentNotice%22%5D%2C%22clientId%22%3A%22wBBM6574RxN87m79%22%2C%22siteId%22%3A%22%22%2C%22searchCategories%22%3A%5B%7B%22key%22%3A%22components.search.category_tabs.sites%22%2C%22queryParams%22%3A%7B%22collection%22%3A%22Site%22%2C%22type%22%3Anull%2C%22categories%22%3Anull%2C%22tags%22%3Anull%2C%22q%22%3A%22%22%2C%22source%22%3Anull%2C%22content%22%3Anull%2C%22page%22%3A1%2C%22bbox%22%3Anull%2C%22location_name%22%3Anull%2C%22groupIds%22%3Anull%2C%22catalog%22%3Anull%2C%22owner%22%3Anull%2C%22access%22%3Anull%2C%22hubType%22%3Anull%2C%22downloadable%22%3Anull%2C%22hasApi%22%3Anull%2C%22catalogToggle%22%3Anull%2C%22sort%22%3A%22relevance%22%2C%22region%22%3Anull%2C%22sector%22%3Anull%2C%22license%22%3Anull%2C%22modified%22%3Anull%7D%2C%22hidden%22%3Atrue%2C%22title%22%3A%22Sites%22%2C%22overrideText%22%3A%22Sites%22%7D%2C%7B%22key%22%3A%22components.search.category_tabs.data%22%2C%22queryParams%22%3A%7B%22collection%22%3A%22Dataset%22%2C%22type%22%3Anull%2C%22categories%22%3Anull%2C%22tags%22%3Anull%2C%22q%22%3A%22%22%2C%22source%22%3Anull%2C%22content%22%3Anull%2C%22page%22%3A1%2C%22bbox%22%3Anull%2C%22location_name%22%3Anull%2C%22groupIds%22%3Anull%2C%22catalog%22%3Anull%2C%22owner%22%3Anull%2C%22access%22%3Anull%2C%22hubType%22%3Anull%2C%22downloadable%22%3Anull%2C%22hasApi%22%3Anull%2C%22catalogToggle%22%3Anull%2C%22sort%22%3A%22relevance%22%2C%22region%22%3Anull%2C%22sector%22%3Anull%2C%22license%22%3Anull%2C%22modified%22%3Anull%7D%2C%22title%22%3A%22Data%22%2C%22overrideText%22%3A%22Data%22%7D%2C%7B%22key%22%3A%22components.search.category_tabs.apps_and_maps%22%2C%22queryParams%22%3A%7B%22collection%22%3A%22App%2CMap%22%2C%22type%22%3Anull%2C%22categories%22%3Anull%2C%22tags%22%3Anull%2C%22q%22%3A%22%22%2C%22source%22%3Anull%2C%22content%22%3Anull%2C%22page%22%3A1%2C%22bbox%22%3Anull%2C%22location_name%22%3Anull%2C%22groupIds%22%3Anull%2C%22catalog%22%3Anull%2C%22owner%22%3Anull%2C%22access%22%3Anull%2C%22hubType%22%3Anull%2C%22downloadable%22%3Anull%2C%22hasApi%22%3Anull%2C%22catalogToggle%22%3Anull%2C%22sort%22%3A%22relevance%22%2C%22region%22%3Anull%2C%22sector%22%3Anull%2C%22license%22%3Anull%2C%22modified%22%3Anull%7D%2C%22title%22%3A%22Apps%20%26%20Maps%22%2C%22overrideText%22%3A%22Apps%20%26%20Maps%22%2C%22isDraggingObject%22%3Afalse%7D%2C%7B%22key%22%3A%22components.search.category_tabs.documents%22%2C%22queryParams%22%3A%7B%22collection%22%3A%22Document%22%2C%22type%22%3Anull%2C%22categories%22%3Anull%2C%22tags%22%3Anull%2C%22q%22%3A%22%22%2C%22source%22%3Anull%2C%22content%22%3Anull%2C%22page%22%3A1%2C%22bbox%22%3Anull%2C%22location_name%22%3Anull%2C%22groupIds%22%3Anull%2C%22catalog%22%3Anull%2C%22owner%22%3Anull%2C%22access%22%3Anull%2C%22hubType%22%3Anull%2C%22downloadable%22%3Anull%2C%22hasApi%22%3Anull%2C%22catalogToggle%22%3Anull%2C%22sort%22%3A%22relevance%22%2C%22region%22%3Anull%2C%22sector%22%3Anull%2C%22license%22%3Anull%2C%22modified%22%3Anull%7D%2C%22title%22%3A%22Documents%22%2C%22overrideText%22%3A%22Documents%22%7D%5D%2C%22gacode%22%3A%22UA-185885361-1%22%2C%22customHostname%22%3A%22data.baltimorecity.gov%22%2C%22telemetry%22%3A%7B%22consentNotice%22%3A%7B%22isTheme%22%3Atrue%2C%22consentText%22%3A%22%22%2C%22policyURL%22%3A%22%22%7D%2C%22customAnalytics%22%3A%7B%22ga%22%3A%7B%22customerTracker%22%3A%7B%22enabled%22%3Atrue%2C%22id%22%3A%22UA-185885361-1%22%7D%7D%7D%7D%2C%22contentViews%22%3A%7B%22sidePanelOpen%22%3A%7B%22app%22%3Atrue%2C%22map%22%3Atrue%2C%22dataset%22%3Atrue%2C%22document%22%3Atrue%2C%22feedback%22%3Atrue%7D%7D%7D%2C%22source%22%3A%22a9920828b2d3419584f65bbdb5278105%22%2C%22feeds%22%3A%7B%7D%7D%2C%22domainInfo%22%3A%7B%22id%22%3A%2283747%22%2C%22hostname%22%3A%22data.baltimorecity.gov%22%2C%22siteId%22%3A%22bb5a4d421ed64feeb4c3c879dede44f2%22%2C%22clientKey%22%3A%22wBBM6574RxN87m79%22%2C%22orgKey%22%3A%22baltimore%22%2C%22siteTitle%22%3A%22Bmore%20Open%20Data%22%2C%22orgId%22%3A%22UWYHeuuJISiGmgXx%22%2C%22orgTitle%22%3A%22Baltimore%20City%22%2C%22createdAt%22%3A%222020-12-31T17%3A11%3A45.125Z%22%2C%22updatedAt%22%3A%222020-12-31T17%3A11%3A45.125Z%22%2C%22sslOnly%22%3Atrue%2C%22permanentRedirect%22%3Afalse%2C%22redirectTo%22%3Anull%2C%22domain%22%3A%22data.baltimorecity.gov%22%7D%2C%22injected%22%3Atrue%2C%22status%22%3A200%7D%2C%22status%22%3A200%7D"
    </script>
    <script id="domain-injection">
      window.__DOMAIN={"domainInfo":{"id":"83747","hostname":"data.baltimorecity.gov","siteId":"bb5a4d421ed64feeb4c3c879dede44f2","clientKey":"wBBM6574RxN87m79","orgKey":"baltimore","siteTitle":"Bmore Open Data","orgId":"UWYHeuuJISiGmgXx","orgTitle":"Baltimore City","createdAt":"2020-12-31T17:11:45.125Z","updatedAt":"2020-12-31T17:11:45.125Z","sslOnly":true,"permanentRedirect":false,"redirectTo":null,"domain":"data.baltimorecity.gov"}}
    </script>    
    <script id="ga-injection">
      (function(i,s,o,g,r,a,m){i['GoogleAnalyticsObject']=r;i[r]=i[r]||function(){(i[r].q=i[r].q||[]).push(arguments)},i[r].l=1*new Date();a=s.createElement(o),m=s.getElementsByTagName(o)[0];a.async=1;a.src=g;m.parentNode.insertBefore(a,m)})(window,document,'script','//www.google-analytics.com/analytics.js','ga');ga('create', 'UA-47337822-2', 'auto', {siteSpeedSampleRate: 100});ga('set', 'anonymizeIp', true);ga('create', 'UA-185885361-1', 'auto', {'name': 'customerTracker'});ga('customerTracker.set', 'anonymizeIp', true);
    </script>
  </head>
  <body class="calcite">
    
    <calcite-loader active type="indeterminate" scale="m" id="base-loader" role="loading" unthemed></calcite-loader>
    <script>
      if (typeof customElements !== 'undefined') {
        customElements.efineday = customElements.define;
      }
    </script>
    <!-- crossorigin options added because otherwise we cannot see error messages from unhandled errors and rejections -->
    <script crossorigin="anonymous" src="https://hubcdn.arcgis.com/opendata-ui/assets/assets/vendor-cbcef4a193d6e72cead549dbd8c95210.js"></script>
    <script crossorigin="anonymous" src="https://hubcdn.arcgis.com/opendata-ui/assets/assets/opendata-ui-e5659d1353af2d8f7a47b168d09e486d.js"></script>

    <div id="ember-basic-dropdown-wormhole"></div>

    <!-- opendata-ui version: 5.194.0+203acd7f05 - Tue, 22 Mar 2022 14:40:07 GMT -->
  

</body></html>